{
    "loss": 0.5205530141347221,
    "accuracy": 0.7071428571428572
}