{
    "loss": 0.1869457878704582,
    "accuracy": 0.9392857142857143
}