{
    "loss": 0.3443647515161761,
    "accuracy": 0.8928571428571429
}